ext,repos,files_in_history,changes,distinct_versions,files_vendored
svg,3156,365916,1286639,376266,58432
scss,2301,163057,1635197,517629,16009
go,94,110080,3798373,553749,54097
cshtml,338,47661,622930,149309,4248
csproj,2388,37397,891455,285121,486
h,164,29632,69252,32032,9555
aspx,255,21367,90048,28132,2334
resx,410,19337,212685,53209,440
tf,269,19227,53821,32721,0
hpp,41,14687,17554,15013,1263
less,224,14610,111212,34237,5441
php,91,13178,20609,13330,6337
ipynb,617,12580,47533,25080,170
mjs,422,12488,27444,13285,10904
rb,49,12362,20519,12431,3983
gitkeep,1356,11847,30913,11857,416
pyi,56,11193,23822,11531,10966
vb,54,10875,41663,15652,20
psm1,259,10629,42829,19326,274
npmignore,565,10482,44698,10575,9062
xsd,188,9677,64664,10151,2664
scala,73,9393,182819,51030,34
cpp,79,7378,15515,9343,2490
editorconfig,2323,6606,23326,7776,2786
r,24,6503,40778,18376,0
conf,1262,5126,38392,12383,304
mdx,78,4866,63926,13173,2130
cmd,555,4574,20506,6391,2978
ascx,106,4567,13362,5362,438
strings,39,4515,8258,4726,65
targets,428,4228,14029,4650,3910
eslintrc,412,3916,17725,4849,3167
tpl,797,3879,10642,4769,136
rego,16,3786,5574,4139,0
resources,60,3699,17696,3729,3676
crc,5,3681,9430,3833,0
xaml,91,3681,12859,4937,1052
cjs,265,3564,15218,4084,2906
gql,5,3327,19193,8526,2747
jst,62,3266,10898,3371,3207
ejs,62,2942,11757,3704,144
c,102,2852,17769,9677,1885
j2,98,2835,13343,6115,57
props,475,2789,16360,6677,2353
hql,12,2626,15675,4147,0
cue,6,2599,62097,7896,208
bicepparam,84,2597,116909,12314,0
hbs,71,2470,22446,6961,454
dockerignore,1431,2450,7424,3024,13
env,1250,2433,40851,13957,36
dart,12,2403,6389,3585,1908
razor,38,2362,11961,6101,1
pxd,32,2284,7520,2321,2020
mustache,33,2275,11901,2455,55
proto,60,2225,11621,3098,1488
toml,584,2225,22952,9737,339
swift,47,2218,11987,8378,186
xsl,73,2135,15322,2285,1260
markdown,122,2127,8028,2188,1620
npmrc,1220,2096,14133,5015,17
vue,33,2064,13145,7634,18
helmignore,924,2054,4423,2084,16
mts,69,2046,4842,2158,1953
tcl,11,2045,4722,2045,0
jsonc,32,1995,73810,4431,2
plist,78,1989,7391,3976,313
bak,422,1951,5147,2294,91
kt,21,1906,7857,5275,70
clj,7,1887,9222,5924,53
xslt,40,1850,12801,1914,420
eslintignore,690,1801,7818,2101,542
example,783,1799,7454,3862,21
nycrc,66,1750,4923,1754,1569
hcl,68,1728,4211,1970,0
pom,14,1725,3286,1750,25
sqlproj,403,1705,104693,48094,0
prettierrc,1295,1664,4028,1907,51
gitattributes,942,1626,7282,2089,423
po,29,1531,8691,2626,1271
gradle,226,1498,23993,12123,153
jshintrc,137,1497,6345,1638,1282
cts,47,1479,3479,1505,1455
cc,58,1373,3524,1403,800
template,540,1364,9251,3060,332
jsp,22,1304,10324,2427,52
cql,18,1268,7785,1392,2
sass,51,1237,5955,1813,223
asax,316,1217,3728,1252,53
svelte,7,1189,3936,1667,192
ftl,21,1145,4423,1944,27
ps1xml,24,1142,3227,1146,0
f90,24,1120,2793,1120,1107
settings,256,1073,4120,1246,23
tmpl,91,1066,11387,1425,301
s,17,1022,9896,1206,837
pyx,33,1019,3034,1064,989
nuspec,93,1017,4810,1267,749
avsc,66,997,5042,1840,83
wsdl,162,987,4076,1069,1
sol,6,973,2117,979,28
cfg,275,906,4353,2126,285
babelrc,234,881,3296,1045,277
prettierignore,627,839,3718,1132,26
kql,22,765,1652,982,0
adoc,15,740,1481,843,18
csv_template,2,728,4086,840,0
gitmodules,410,711,4274,1441,230
thrift,8,704,2498,1032,664
qml,2,697,5564,697,695
globalconfig,1,670,2680,670,670
lic,144,630,6171,835,78
ashx,13,609,696,640,0
jsonl,64,585,1454,711,0
textproto,6,582,1164,582,582
patch,97,557,3205,623,225
runsettings,259,522,3938,1470,8
dtd,44,505,3133,600,63
orig,53,482,3369,544,112
browserslistrc,315,471,1775,551,12
ruleset,138,467,2594,601,2
sha512,7,467,1821,467,444
funcignore,260,444,1162,535,0
jspm-hash,6,444,888,444,444
pug,18,419,3487,1570,3
shader,7,408,480,408,0
tsbuildinfo,76,404,2124,569,326
rmd,5,398,399,398,0
asciidoc,9,395,604,427,0
cmake,21,392,1191,469,179
tab,29,375,1157,409,187
axml,16,366,5450,2314,39
old,91,354,2170,495,40
project,100,344,1282,450,29
pxi,22,330,1060,330,330
ldif,9,327,6686,369,0
dockerfile,95,321,3243,908,1
ql,12,316,597,316,0
jinja2,21,311,904,555,0
etx,2,310,465,310,0
dotsettings,106,309,2416,859,20
vbproj,46,309,2409,1075,0
puml,56,299,926,420,3
liquid,16,283,1400,597,3
erl,7,277,554,277,276
asmx,40,270,850,271,20
svc,34,269,797,270,13
aiignore,264,264,287,265,0
graphql,52,264,1698,767,17
pl,34,264,2809,320,190
text,27,264,698,275,211
coveragerc,234,250,457,310,0
rs,12,248,630,512,33
cljc,1,239,239,239,0
jade,39,234,1169,234,119
python-version,158,234,537,275,1
rdf,10,231,545,232,6
dtsconfig,32,225,888,297,4
cls,12,220,545,291,187
jsm,21,220,780,220,220
sample,92,219,1103,404,1
jscsrc,72,193,1033,303,156
sbt,26,193,6399,3284,0
edn,4,187,966,462,3
hs,8,175,362,175,168
vbs,70,175,608,194,52
nvmrc,101,172,900,203,67
diff,19,171,372,171,6
jshintignore,57,159,1065,202,94
nexusrc,103,158,502,185,2
lua,17,155,331,160,125
rej,27,134,976,134,101
slnx,61,134,381,225,0
zsh,14,130,389,277,7
kts,19,129,361,290,25
license,29,121,452,129,55
pm,8,116,231,116,114
sha1,6,115,455,135,5
gemspec,10,113,127,114,95
rc,46,112,348,119,39
rules,25,109,1421,156,0
sha256,23,108,875,284,79
vcxproj,44,103,250,103,77
bash,27,102,571,213,25
mjml,6,99,3493,237,0
wxs,3,98,324,99,10
webmanifest,29,95,198,103,4
graphqls,39,93,752,449,2
pyf,14,92,206,92,92
wxl,3,92,385,92,78
geojson,18,90,438,90,0
flake8,68,83,395,108,27
stylelintrc,57,83,418,130,19
ignore,14,82,437,83,8
mdc,20,81,186,113,1
openapi-generator-ignore,30,81,320,81,0
uxml,3,79,186,79,0
jsonlines,4,78,124,123,0
sty,6,74,83,74,2
jsonlz4,2,72,204,72,0
publishsettings,17,71,255,72,0
hintrc,61,70,150,93,0
json5,29,70,3312,449,59
shadersubgraph,3,69,86,69,0
haml,3,68,69,68,50
md5,5,67,368,226,5
fish,60,66,104,68,59
tex,22,64,162,68,23
gv,3,63,243,63,0
slim,9,61,145,75,33
aux,4,60,63,61,0
pys,12,60,164,64,60
jinja,12,58,131,73,2
vscodeignore,13,58,120,63,0
amlignore,13,54,274,70,0
entitlements,26,54,116,73,7
testsettings,16,53,242,55,0
awk,14,50,105,52,20
vstemplate,2,50,135,51,32
css_t,3,49,1101,255,0
f2py_f2cmap,21,46,120,46,46
py1,6,46,304,155,0
vbhtml,2,46,99,49,0
raml,2,44,311,67,31
fs,4,43,135,43,3
bowerrc,32,42,216,42,11
md5sum,1,41,106,45,0
asm,15,40,96,40,31
htaccess,18,39,78,40,8
sqlserver,4,39,253,74,6
testignore,17,38,267,38,30
mdown,18,37,157,37,32
shadergraph,6,37,45,37,0
jsonnet,6,36,1015,70,0
pot,5,36,57,36,1
txtar,6,36,858,36,0
stylelintignore,32,35,222,47,5
mobileconfig,1,33,159,157,32
pylintrc,25,33,181,69,4
dsql,1,32,125,39,0
owl,5,32,151,58,0
pyproj,13,32,280,115,0
wixproj,2,31,75,34,0
xcsettings,3,31,118,31,25
graphml,4,30,72,44,0
handlebars,8,30,157,42,9
mkd,18,30,146,30,26
shproj,9,27,96,41,0
tfstate,18,27,263,82,0
hrl,6,24,48,24,24
parcelrc,6,24,30,30,24
csslintrc,17,23,73,23,18
dot,17,23,104,25,8
huskyrc,23,23,108,23,3
ratignore,6,23,72,24,16
runconfig,2,23,54,25,0
swcrc,6,23,52,27,5
cljs,1,22,22,22,0
jscsrc-original,11,22,341,22,0
htmlhintrc,6,21,110,21,0
htpasswd,12,21,156,30,2
rake,2,21,21,21,8
schema,13,21,97,33,0
tfignore,13,21,54,21,1
pyw,14,20,53,20,11
xml_01_09_2018,1,20,101,20,0
bib,7,19,33,19,0
jsdtscope,7,19,138,21,4
plantuml,8,19,37,35,0
readme,14,19,41,19,7
ttl,5,19,70,31,0
ndjson,2,18,73,56,0
tf_,1,18,49,18,0
vsixmanifest,10,18,176,36,7
htmllintrc,16,17,187,63,2
flowconfig,7,16,52,17,10
fakesconfig,5,15,81,38,3
jsonschema,3,15,33,18,0
kml,8,15,29,20,5
mdmp,1,15,23,15,0
env_example,12,14,44,24,0
js_t,2,14,222,34,0
latex,1,14,14,14,14
graphqlconfig,9,13,45,15,4
mermaid,3,13,50,24,0
pdkignore,2,13,22,13,0
py-tpl,1,13,26,13,13
godoc_config,6,12,156,12,6
hgignore,4,12,89,16,6
jslib,4,12,16,16,0
lhs,6,12,24,12,12
makefile,5,12,39,13,12
python,11,12,25,12,8
shapestyle,2,12,24,12,0
sqlx,2,12,28,13,0
txt-e,1,12,36,12,0
yaml-freeze,2,12,40,20,0
yarnrc,10,12,51,16,3
appxmanifest,4,11,143,76,0
artifactignore,8,11,33,12,0
env-cmdrc,4,11,78,41,0
env_template,4,11,21,13,0
sqlsettings,9,11,46,11,0
src,7,11,22,13,6
tssp,1,11,11,11,0
docker,9,10,46,22,0
jq,6,10,18,12,0
prc,2,10,10,10,0
proj,5,10,143,31,2
sqlcmdvars,9,10,43,10,0
sqldeployment,9,10,43,10,0
sqlpermissions,9,10,43,10,0
watchmanconfig,10,10,21,10,1
codespellignore,6,9,431,25,1
env-qa,9,9,146,45,0
lintignore,7,9,26,9,8
swagger-codegen-ignore,8,9,10,9,0
tftpl,3,9,24,13,0
trivyignore,9,9,58,10,0
tsp,2,9,46,32,0
yml_bkp,8,9,11,9,0
cachemanifest,2,8,8,8,0
codegenconfig,1,8,32,11,0
config_dr,1,8,647,66,0
env-uat,8,8,113,32,0
json_,8,8,58,14,0
ksh,1,8,64,8,0
lutconfig,7,8,23,8,0
tfplan,6,8,14,9,0
vsconfig,8,8,107,12,0
yamllint,2,8,8,8,0
env-template,5,7,11,8,0
f95,5,7,12,7,7
prefectignore,3,7,16,7,0
pypirc,7,7,30,21,0
sharedkernel,7,7,653,0,0
sqlproj_backup,7,7,16,7,0
configbkp,2,6,39,6,0
env-example,6,6,87,23,0
env_sample,5,6,25,15,0
envrc,5,6,14,6,0
flooignore,6,6,114,18,0
html_fragment,6,6,294,54,0
jsfmtrc,6,6,60,6,0
jsinfosecdeleted,2,6,18,6,0
linguirc,6,6,353,24,0
npmrcdev,5,6,22,6,0
releaserc,6,6,82,39,1
shadow,1,6,18,6,0
sqlsuo,1,6,12,6,0
tf1,2,6,8,8,0
yml_,1,6,16,6,0
airflowignore,2,5,14,9,0
all-contributorsrc,5,5,10,5,3
csharpierrc,4,5,8,5,0
dntrc,3,5,59,5,5
env_uat,3,5,8,5,0
gitconfig,5,5,9,5,0
hdiconfig,2,5,27,7,0
jamignore,4,5,18,5,4
jso,1,5,10,5,0
jsonpath,5,5,15,5,0
qmd,1,5,8,6,0
sql1,1,5,12,6,0
sqlfluff,2,5,12,6,0
tst,3,5,25,16,0
ui5pluginrc,5,5,6,5,0
vltignore,4,5,18,5,0
webappignore,4,5,15,9,0
xml_bck,1,5,60,5,0
yml_old,3,5,9,5,0
bshrc,1,4,4,4,4
configuat,1,4,21,4,0
cursorignore,4,4,6,4,0
databricksignore,4,4,9,7,0
deploymentignore,3,4,16,4,0
draftignore,1,4,4,4,0
env-dev,4,4,42,13,0
env-eyq-dev,4,4,108,33,0
env-eyq-qa,4,4,105,27,0
env-eyq-uat-am,4,4,92,24,0
env-eyq-uat-ap,4,4,99,25,0
env-eyq-uat-eu,4,4,99,26,0
env-sample,2,4,16,5,0
firebaserc,4,4,9,4,0
htmlinput,1,4,4,4,4
js1,3,4,16,4,0
json_old,4,4,8,4,0
jsproj,4,4,11,4,0
lintstagedrc,4,4,9,5,1
nxignore,4,4,73,9,0
py-js,4,4,10,4,3
sassdocrc,3,4,18,4,2
taprc,2,4,6,4,4
ts-jest-digest,3,4,7,4,4
tsr,1,4,19,5,0
wxi,1,4,24,4,0
wxl_template,1,4,8,4,0
yaml_bkp,2,4,8,4,0
yml-unused,1,4,4,4,0
azureignore,3,3,4,3,0
bashrc,3,3,18,3,0
bithoundrc,3,3,9,3,2
buckconfig,3,3,8,3,2
cardinalrc,3,3,5,3,2
cfignore,1,3,9,4,0
configdev,3,3,6,3,0
cs-template,1,3,6,3,0
csv_all_template,1,3,16,3,0
cxignore,3,3,4,3,0
dockeignore,1,3,6,5,0
docker-compose,1,3,13,4,0
droidignore,3,3,14,5,0
env-eyq-prod-am,3,3,57,15,0
env-eyq-prod-ap,3,3,58,15,0
env-eyq-prod-eu,3,3,58,15,0
env_dev,3,3,10,4,0
envdevapp,3,3,237,127,0
envdevconfig,3,3,197,109,0
envpreprodapp,2,3,105,47,0
envpreprodconfig,2,3,81,26,0
gdnconfig,2,3,15,6,0
gitignore-azure,1,3,4,3,0
imgbotconfig,3,3,10,3,0
jsc,1,3,24,3,3
licenses,3,3,12,3,3
npmrc_old,3,3,3,3,0
pyz,2,3,11,9,3
rbuildignore,2,3,5,4,0
sequelizerc,3,3,12,6,0
share,2,3,6,3,0
slconfig,3,3,24,5,0
spmignore,3,3,13,3,2
tfvars_,1,3,5,3,0
tprc,1,3,17,3,0
ts-template,1,3,6,3,0
vssettings,3,3,15,3,0
xmla,1,3,4,3,0
xrc,1,3,7,3,3
yml__,1,3,8,3,0
bazelrc,1,2,4,2,0
bucketconfig,1,2,3,2,0
buildignore,2,2,2,2,0
bumpedrc,1,2,9,2,2
codespellrc,2,2,2,2,1
config1,2,2,6,2,0
config_bak,2,2,5,2,0
config_bkp,2,2,6,2,0
config_datamodel,1,2,13,2,0
configactivator,1,2,4,2,0
configbackup,1,2,3,2,0
default_trust_settings,1,2,4,2,0
env_cp,1,2,4,2,0
env_local,2,2,41,4,0
envbrprodapp,2,2,48,15,0
envbrprodconfig,2,2,40,11,0
envbrstagingapp,2,2,45,14,0
envbrstagingconfig,2,2,40,10,0
envgwcprodapp,2,2,108,43,0
envgwcprodconfig,2,2,72,23,0
envgwcstagingapp,2,2,61,28,0
envgwcstagingconfig,2,2,46,14,0
envqaapp,2,2,160,78,0
envqaconfig,2,2,120,50,0
envsecapp,2,2,112,44,0
envsecconfig,2,2,64,17,0
envuatapp,2,2,132,57,0
envuatconfig,2,2,76,25,0
envukprodapp,2,2,87,35,0
envukprodconfig,2,2,78,21,0
envukstagingapp,2,2,60,27,0
envukstagingconfig,2,2,45,13,0
envusprodapp,2,2,85,34,0
envusprodconfig,2,2,76,20,0
envusstagingapp,2,2,60,27,0
envusstagingconfig,2,2,45,13,0
ex,2,2,3,2,0
gdnsettings,2,2,2,2,0
gignore,1,2,3,2,0
gitignore-template,1,2,6,3,0
gitignore_template,1,2,3,2,0
hlxignore,2,2,2,2,0
html1,1,2,2,2,0
html_dev,2,2,4,2,0
html_prod,2,2,4,2,0
html_qa,2,2,4,2,0
html_uat,2,2,4,2,0
js-20160601155443,1,2,24,2,0
js-20160725105554,1,2,26,2,0
js-template,1,2,10,2,2
js2,2,2,12,6,0
js_old,1,2,2,2,0
jshintrc-browser,1,2,8,2,2
jshintrc-node,1,2,8,2,2
json-backup,1,2,6,2,0
json2,1,2,10,2,0
json_backup_20250812_111756,1,2,8,2,0
json_custom_working,2,2,4,2,0
logs,2,2,9,2,0
mdtext,1,2,3,2,0
mdtxt,1,2,3,2,0
mdwn,1,2,3,2,0
noserc,2,2,8,4,0
npmrc1,2,2,8,3,0
pretiierrc,2,2,7,3,0
properties1,2,2,8,2,0
qrc,2,2,60,2,0
sheet,2,2,60,2,0
shfbproj,2,2,3,2,2
sql~,2,2,4,2,0
ssisdeploymentmanifest,2,2,2,2,2
tfb,1,2,2,2,0
tpignore,1,2,2,2,0
ts_removed,1,2,10,2,0
xml_14-08-2019,1,2,24,2,0
xml_backup,2,2,24,2,0
xml_old,2,2,6,2,0
yaml_,1,2,7,2,0
yaml_new,1,2,4,2,0
yamlbkp,2,2,3,2,0
yamls,1,2,4,2,0
yml2,2,2,9,3,0
zshrc,2,2,9,5,0
11-config,1,1,2,1,1
actrc,1,1,2,1,0
agignore,1,1,1,1,0
babellrc,1,1,1,1,0
babssselrc,1,1,2,1,0
backupgitignore,1,1,2,1,0
behaverc,1,1,1,1,0
buildsettings,1,1,2,1,0
c8rc,1,1,6,4,0
changelog_update,1,1,2,1,0
checkovrc,1,1,1,1,0
cmignore,1,1,2,1,0
collabignore,1,1,3,1,0
condarc,1,1,1,1,0
config2,1,1,2,1,0
config_,1,1,2,1,0
configx,1,1,2,1,0
copilotignore,1,1,1,1,0
csharpierignore,1,1,4,2,0
deployignore,1,1,1,1,0
devrc,1,1,1,1,0
docker-ignore,1,1,4,1,0
dockerbuild,1,1,1,1,0
dvcignore,1,1,2,1,0
edgerc,1,1,1,1,0
editorconfig~,1,1,2,1,1
engignore,1,1,2,1,0
env-backup,1,1,6,1,0
env-catalyst-uat,1,1,4,4,0
env-demo,1,1,16,6,0
env-development,1,1,11,3,0
env-e,1,1,1,1,0
env-example-prod,1,1,45,12,0
env-eyq-prd-am,1,1,22,8,0
env-eyq-prd-ap,1,1,22,8,0
env-eyq-prd-eu,1,1,22,9,0
env-eyq-uat,1,1,2,1,0
env-gcp,1,1,2,2,0
env-k8s,1,1,5,2,0
env-perf,1,1,1,1,0
env-prod,1,1,1,1,0
env-production,1,1,11,5,0
env-qa-oai-us,1,1,2,1,0
env-qa-oaius,1,1,2,1,0
env-server,1,1,2,1,0
env-stage,1,1,5,4,0
env-trial,1,1,4,3,0
env1,1,1,1,1,0
env_azure,1,1,1,1,0
env_ci,1,1,34,7,0
env_develop,1,1,36,5,0
env_full,1,1,2,1,0
env_japan,1,1,1,1,0
env_local_mss,1,1,32,3,0
env_prod,1,1,1,1,0
env_qa,1,1,5,3,0
env_us_qa,1,1,1,1,0
envauprodapp,1,1,8,2,0
envauprodconfig,1,1,18,4,0
envaustagingapp,1,1,8,2,0
envaustagingconfig,1,1,18,4,0
envcacprodapp,1,1,8,2,0
envcacprodconfig,1,1,18,4,0
envcacstagingapp,1,1,8,2,0
envcacstagingconfig,1,1,18,4,0
enveuprodapp,1,1,8,2,0
enveuprodconfig,1,1,18,4,0
enveustagingapp,1,1,8,2,0
enveustagingconfig,1,1,18,4,0
envinfosecapp,1,1,8,2,0
envinfosecconfig,1,1,7,1,0
envinprodapp,1,1,8,2,0
envinprodconfig,1,1,19,5,0
envinstagingapp,1,1,8,2,0
envinstagingconfig,1,1,18,4,0
envmsussprodapp,1,1,8,2,0
envmsussprodconfig,1,1,18,5,0
envmsussstagingapp,1,1,8,2,0
envmsussstagingconfig,1,1,18,4,0
envmsusstagingapp,1,1,9,2,0
envqa,1,1,17,3,0
envsandboxapp,1,1,66,26,0
envsandboxconfig,1,1,38,12,0
envswitzerlandapp,1,1,10,1,0
envswitzerlandconfig,1,1,10,1,0
envswitzerlandstagingapp,1,1,10,1,0
envswitzerlandstagingconfig,1,1,10,1,0
envswnapp,1,1,11,1,0
envswnconfig,1,1,15,2,0
envswnprodapp,1,1,9,2,0
envswnprodconfig,1,1,10,2,0
envswnstagingapp,1,1,8,2,0
envswnstagingconfig,1,1,18,4,0
envuaeprodapp,1,1,8,2,0
envuaeprodconfig,1,1,18,4,0
envuaestagingapp,1,1,8,2,0
envuaestagingconfig,1,1,18,4,0
exs,1,1,2,1,1
factoryignore,1,1,20,1,0
functionignore,1,1,1,1,0
gcloudignore,1,1,1,1,0
gdprignore,1,1,2,1,0
gitignore1,1,1,1,1,0
gitignore_20260403110751,1,1,2,1,0
gitignore_20260403111408,1,1,2,1,0
gitignore_backup_13388,1,1,3,1,0
gitignore_backup_14924,1,1,3,1,0
gitignore_base_13388,1,1,3,1,0
gitignore_base_14924,1,1,3,1,0
gitignore_local_13388,1,1,3,1,0
gitignore_local_14924,1,1,3,1,0
gitignore_remote_13388,1,1,3,1,0
gitignore_remote_14924,1,1,3,1,0
gitignore_security_update,1,1,1,1,0
gitleaksignore,1,1,13,12,0
go~,1,1,2,1,0
graphifyignore,1,1,1,1,0
hdbsynonymconfig,1,1,4,1,0
hdiignore,1,1,3,1,0
html_new,1,1,2,1,0
h~,1,1,26,1,0
ignoreartifact,1,1,2,1,0
ignoreasd,1,1,2,1,0
ignoreaut,1,1,1,1,0
inputrc,1,1,5,1,0
jmconfig,1,1,1,1,0
js-20160905130425,1,1,10,1,0
js_v1,1,1,1,1,0
jsaaa,1,1,2,1,0
jsbeautifyrc,1,1,1,1,1
json-20251203-999999,1,1,2,1,0
json-example,1,1,4,1,0
json-orig,1,1,1,1,0
json-original,1,1,1,1,0
json20250212,1,1,2,1,0
json___,1,1,2,1,0
json_mot,1,1,2,2,0
jsonjson,1,1,2,1,0
jsonlz4-20200720193547,1,1,1,1,0
jssm,1,1,2,1,0
jtconfig,1,1,1,1,0
lfsconfig,1,1,1,1,0
licenseheaderignore,1,1,7,7,0
logger,1,1,1,1,0
logic,1,1,2,1,0
logql,1,1,1,1,0
logrotate,1,1,4,3,0
lutignore,1,1,2,1,0
lycheeignore,1,1,4,2,1
mcpbignore,1,1,1,1,0
md_ae20ac5b,1,1,1,1,0
md_old,1,1,1,1,0
mdl,1,1,1,1,0
mintlifyignore,1,1,5,1,0
nodemonignore,1,1,3,2,0
npmrc-codespace,1,1,5,2,0
npmrc-publish,1,1,1,1,0
npmrc_bk,1,1,2,1,0
npmrc_template_for_ci,1,1,7,2,0
npmrc_template_for_ci_prod,1,1,1,1,0
npmrcprod,1,1,2,1,0
npmrcs,1,1,2,1,0
npmrct,1,1,2,1,0
nuspec~,1,1,2,1,1
openapi,1,1,1,1,0
postcssrc,1,1,1,1,0
pretierrc,1,1,1,1,0
properties2,1,1,1,1,0
propertiesbkp,1,1,7,2,0
propertiesworking,1,1,2,1,0
py-base,1,1,4,1,0
py-ours,1,1,4,1,0
py310,1,1,1,1,0
py__,1,1,2,1,0
py_old,1,1,1,1,0
py_oozie,1,1,1,1,0
py_original,1,1,2,1,0
pybak,1,1,1,1,0
pydocstyle,1,1,1,1,0
pylintrc-log-injection,1,1,2,1,0
pyspark351,1,1,3,2,0
python_major_minor_version,1,1,5,2,0
razorencconfig,1,1,4,1,0
reduxrc,1,1,2,1,1
replitignore,1,1,1,1,0
reviewboardrc,1,1,6,1,1
sasslintrc,1,1,5,1,1
secretlintignore,1,1,2,1,0
sed,1,1,5,1,1
settingsjson,1,1,2,1,0
sgml,1,1,2,1,0
sh_bkp_20-june-2019,1,1,9,1,0
shah,1,1,2,1,0
shp_11_8_2018,1,1,1,1,0
shx_11_8_2018,1,1,1,1,0
smrignore,1,1,2,1,0
solhintignore,1,1,1,1,0
sql_deployed,1,1,6,1,0
sql_link,1,1,2,0,0
sql_pozzi_donotuse,1,1,4,1,0
sqlll,1,1,1,1,0
sqlplan,1,1,5,1,0
sqlpolicy,1,1,3,1,0
sqlproj_backup2,1,1,2,1,0
sqls,1,1,1,1,0
sqltoxml,1,1,44,0,0
studiorc,1,1,1,1,0
suuportignore,1,1,2,1,0
terraformignore,1,1,4,2,0
tfna,1,1,3,3,0
trc,1,1,2,1,0
ts2,1,1,1,1,0
tsconfig,1,1,1,1,0
txt_dev,1,1,13,1,0
txt_qa,1,1,15,2,0
txt_uat,1,1,16,2,0
txtclear,1,1,2,1,0
txto,1,1,9,1,0
vb-template,1,1,2,1,0
versionrc,1,1,2,1,1
watchignore,1,1,2,1,0
win32manifest,1,1,4,1,0
wsrignore,1,1,2,1,0
xml10febbackp,1,1,12,1,0
xml_10febvbackup,1,1,12,1,0
xml_14082019,1,1,12,1,0
xml_all,1,1,2,1,0
xmlbck,1,1,1,1,0
xpaignore,1,1,5,2,0
yaml_old,1,1,1,1,0
yml04092023,1,1,6,3,0
yml_new,1,1,2,1,0
yml_pre,1,1,2,1,0
ymlt,1,1,2,1,0

column,meaning
ext,extension (Sub Group = Group 4.5 in All File Extensions_Summary_20261001_V2.xlsx)
repos,repos whose history has the extension
files_in_history,"different file paths ever in history (all branches, deleted files included)"
changes,commits that changed these files
distinct_versions,"different contents per file, added up"
files_vendored,"of the files, those in node_modules, packages, bin, obj... (included)"
